objectid,filename,title,creator,date,description,subjects,location,source,format,type,identifier,language,rights,rightsstatement
mn1.pdf,mn1.pdf,"Mecklenburg Neighbors August 14, 1991",Carolina Raptor Center,1991,Article about CRC facility.,raptors; wildlife; conservation,"Huntersville, NC; USA.",Carolina Raptor Center archives. carolinaraptorcenter.org.,application/pdf,Image;StillImage,mn1,eng,"This Item is protected by copyright and/or related rights. You are free to use this Item in any way that is permitted by the copyright and related rights legislation that applies to your use. In addition, no permission is required from the rights-holder(s) for educational uses. For other uses, you need to obtain permission from the rights-holder(s).",https://rightsstatements.org/page/InC-EDU/1.0/?language=en
mn2.pdf,mn2.pdf,"Mecklenburg Neighbors August 16, 1992",Carolina Raptor Center,1992,Article about CRC admission prices.,raptors; wildlife; conservation,"Huntersville, NC; USA.",Carolina Raptor Center archives. carolinaraptorcenter.org.,application/pdf,Image;StillImage,mn2,eng,"This Item is protected by copyright and/or related rights. You are free to use this Item in any way that is permitted by the copyright and related rights legislation that applies to your use. In addition, no permission is required from the rights-holder(s) for educational uses. For other uses, you need to obtain permission from the rights-holder(s).",https://rightsstatements.org/page/InC-EDU/1.0/?language=en
mn3.pdf,mn3.pdf,"Mecklenburg Neighbors December 22, 1992",Carolina Raptor Center,1992,Article about CRC donations.,raptors; wildlife; conservation,"Huntersville, NC; USA.",Carolina Raptor Center archives. carolinaraptorcenter.org.,application/pdf,Image;StillImage,mn3,eng,"This Item is protected by copyright and/or related rights. You are free to use this Item in any way that is permitted by the copyright and related rights legislation that applies to your use. In addition, no permission is required from the rights-holder(s) for educational uses. For other uses, you need to obtain permission from the rights-holder(s).",https://rightsstatements.org/page/InC-EDU/1.0/?language=en
mn4.pdf,mn4.pdf,"Mecklenburg Neighbors December 27, 1992",Carolina Raptor Center,1992,Articles about CRC donations.,raptors; wildlife; conservation,"Huntersville, NC; USA.",Carolina Raptor Center archives. carolinaraptorcenter.org.,application/pdf,Image;StillImage,mn4,eng,"This Item is protected by copyright and/or related rights. You are free to use this Item in any way that is permitted by the copyright and related rights legislation that applies to your use. In addition, no permission is required from the rights-holder(s) for educational uses. For other uses, you need to obtain permission from the rights-holder(s).",https://rightsstatements.org/page/InC-EDU/1.0/?language=en
mn5.pdf,mn5.pdf,"Mecklenburg Neighbors February 12, 1992",Carolina Raptor Center,1992,Article about CRC raptor rehab.,raptors; wildlife; conservation,"Huntersville, NC; USA.",Carolina Raptor Center archives. carolinaraptorcenter.org.,application/pdf,Image;StillImage,mn5,eng,"This Item is protected by copyright and/or related rights. You are free to use this Item in any way that is permitted by the copyright and related rights legislation that applies to your use. In addition, no permission is required from the rights-holder(s) for educational uses. For other uses, you need to obtain permission from the rights-holder(s).",https://rightsstatements.org/page/InC-EDU/1.0/?language=en
mn6.pdf,mn6.pdf,"Mecklenburg Neighbors February 18, 1998",Carolina Raptor Center,1998,Article about Eagle aviary.,raptors; wildlife; conservation,"Huntersville, NC; USA.",Carolina Raptor Center archives. carolinaraptorcenter.org.,application/pdf,Image;StillImage,mn6,eng,"This Item is protected by copyright and/or related rights. You are free to use this Item in any way that is permitted by the copyright and related rights legislation that applies to your use. In addition, no permission is required from the rights-holder(s) for educational uses. For other uses, you need to obtain permission from the rights-holder(s).",https://rightsstatements.org/page/InC-EDU/1.0/?language=en
mn7.pdf,mn7.pdf,"Mecklenburg Neighbors February 5, 1992",Carolina Raptor Center,1992,Article about CRC facility.,raptors; wildlife; conservation,"Huntersville, NC; USA.",Carolina Raptor Center archives. carolinaraptorcenter.org.,application/pdf,Image;StillImage,mn7,eng,"This Item is protected by copyright and/or related rights. You are free to use this Item in any way that is permitted by the copyright and related rights legislation that applies to your use. In addition, no permission is required from the rights-holder(s) for educational uses. For other uses, you need to obtain permission from the rights-holder(s).",https://rightsstatements.org/page/InC-EDU/1.0/?language=en
mn8.pdf,mn8.pdf,"Mecklenburg Neighbors February 5, 1992",Carolina Raptor Center,1992,Article about CRC facility.,raptors; wildlife; conservation,"Huntersville, NC; USA.",Carolina Raptor Center archives. carolinaraptorcenter.org.,application/pdf,Image;StillImage,mn8,eng,"This Item is protected by copyright and/or related rights. You are free to use this Item in any way that is permitted by the copyright and related rights legislation that applies to your use. In addition, no permission is required from the rights-holder(s) for educational uses. For other uses, you need to obtain permission from the rights-holder(s).",https://rightsstatements.org/page/InC-EDU/1.0/?language=en
mn9.pdf,mn9.pdf,"Mecklenburg Neighbors January 20, 1991",Carolina Raptor Center,1991,Article about CRC facility.,raptors; wildlife; conservation,"Huntersville, NC; USA.",Carolina Raptor Center archives. carolinaraptorcenter.org.,application/pdf,Image;StillImage,mn9,eng,"This Item is protected by copyright and/or related rights. You are free to use this Item in any way that is permitted by the copyright and related rights legislation that applies to your use. In addition, no permission is required from the rights-holder(s) for educational uses. For other uses, you need to obtain permission from the rights-holder(s).",https://rightsstatements.org/page/InC-EDU/1.0/?language=en
mn10.pdf,mn10.pf,"Mecklenburg Neighbors January 4, 1989",Carolina Raptor Center,1989,Article about bird release.,raptors; wildlife; conservation,"Huntersville, NC; USA.",Carolina Raptor Center archives. carolinaraptorcenter.org.,application/pdf,Image;StillImage,mn10,eng,"This Item is protected by copyright and/or related rights. You are free to use this Item in any way that is permitted by the copyright and related rights legislation that applies to your use. In addition, no permission is required from the rights-holder(s) for educational uses. For other uses, you need to obtain permission from the rights-holder(s).",https://rightsstatements.org/page/InC-EDU/1.0/?language=en
mn11.pdf,mn11.pdf,"Mecklenburg Neighbors July 13, 1988",Carolina Raptor Center,1988,Article about CRC donations.,raptors; wildlife; conservation,"Huntersville, NC; USA.",Carolina Raptor Center archives. carolinaraptorcenter.org.,application/pdf,Image;StillImage,mn11,eng,"This Item is protected by copyright and/or related rights. You are free to use this Item in any way that is permitted by the copyright and related rights legislation that applies to your use. In addition, no permission is required from the rights-holder(s) for educational uses. For other uses, you need to obtain permission from the rights-holder(s).",https://rightsstatements.org/page/InC-EDU/1.0/?language=en
mn12.pdf,mn12.pdf,"Mecklenburg Neighbors July 7, 1991",Carolina Raptor Center,1991,Article about waterfowl rescue.,raptors; wildlife; conservation,"Huntersville, NC; USA.",Carolina Raptor Center archives. carolinaraptorcenter.org.,application/pdf,Image;StillImage,mn12,eng,"This Item is protected by copyright and/or related rights. You are free to use this Item in any way that is permitted by the copyright and related rights legislation that applies to your use. In addition, no permission is required from the rights-holder(s) for educational uses. For other uses, you need to obtain permission from the rights-holder(s).",https://rightsstatements.org/page/InC-EDU/1.0/?language=en
mn13.pdf,mn13.pdf,"Mecklenburg Neighbors June 16, 1993",Carolina Raptor Center,1993,Article about Osprey.,raptors; wildlife; conservation,"Huntersville, NC; USA.",Carolina Raptor Center archives. carolinaraptorcenter.org.,application/pdf,Image;StillImage,mn13,eng,"This Item is protected by copyright and/or related rights. You are free to use this Item in any way that is permitted by the copyright and related rights legislation that applies to your use. In addition, no permission is required from the rights-holder(s) for educational uses. For other uses, you need to obtain permission from the rights-holder(s).",https://rightsstatements.org/page/InC-EDU/1.0/?language=en
mn14.pdf,mn14.pdf,"Mecklenburg Neighbors May 13, 2001",Carolina Raptor Center,2001,Article about CRC educational programs.,raptors; wildlife; conservation,"Huntersville, NC; USA.",Carolina Raptor Center archives. carolinaraptorcenter.org.,application/pdf,Image;StillImage,mn14,eng,"This Item is protected by copyright and/or related rights. You are free to use this Item in any way that is permitted by the copyright and related rights legislation that applies to your use. In addition, no permission is required from the rights-holder(s) for educational uses. For other uses, you need to obtain permission from the rights-holder(s).",https://rightsstatements.org/page/InC-EDU/1.0/?language=en
mn15.pdf,mn15.pdf,"Mecklenburg Neighbors May 15, 1991",Carolina Raptor Center,1991,Article about environmental heroes.,raptors; wildlife; conservation,"Huntersville, NC; USA.",Carolina Raptor Center archives. carolinaraptorcenter.org.,application/pdf,Image;StillImage,mn15,eng,"This Item is protected by copyright and/or related rights. You are free to use this Item in any way that is permitted by the copyright and related rights legislation that applies to your use. In addition, no permission is required from the rights-holder(s) for educational uses. For other uses, you need to obtain permission from the rights-holder(s).",https://rightsstatements.org/page/InC-EDU/1.0/?language=en
mn16.pdf,mn16.pdf,"Mecklenburg Neighbors May 20, 1992",Carolina Raptor Center,1992,Article about CRC facility.,raptors; wildlife; conservation,"Huntersville, NC; USA.",Carolina Raptor Center archives. carolinaraptorcenter.org.,application/pdf,Image;StillImage,mn16,eng,"This Item is protected by copyright and/or related rights. You are free to use this Item in any way that is permitted by the copyright and related rights legislation that applies to your use. In addition, no permission is required from the rights-holder(s) for educational uses. For other uses, you need to obtain permission from the rights-holder(s).",https://rightsstatements.org/page/InC-EDU/1.0/?language=en
mn17.pdf,mn17.pdf,"Mecklenburg Neighbors November 11, 1998",Carolina Raptor Center,1998,Article about CRC facility.,raptors; wildlife; conservation,"Huntersville, NC; USA.",Carolina Raptor Center archives. carolinaraptorcenter.org.,application/pdf,Image;StillImage,mn17,eng,"This Item is protected by copyright and/or related rights. You are free to use this Item in any way that is permitted by the copyright and related rights legislation that applies to your use. In addition, no permission is required from the rights-holder(s) for educational uses. For other uses, you need to obtain permission from the rights-holder(s).",https://rightsstatements.org/page/InC-EDU/1.0/?language=en
mn18.pdf,mn18.pdf,"Mecklenburg Neighbors November 28, 1991",Carolina Raptor Center,1991,Article about Earth Day Heroes.,raptors; wildlife; conservation,"Huntersville, NC; USA.",Carolina Raptor Center archives. carolinaraptorcenter.org.,application/pdf,Image;StillImage,mn18,eng,"This Item is protected by copyright and/or related rights. You are free to use this Item in any way that is permitted by the copyright and related rights legislation that applies to your use. In addition, no permission is required from the rights-holder(s) for educational uses. For other uses, you need to obtain permission from the rights-holder(s).",https://rightsstatements.org/page/InC-EDU/1.0/?language=en
mn19.pdf,mn19.pdf,"Mecklenburg Neighbors October 11, 1991",Carolina Raptor Center,1991,Picture from CRC outreach.,raptors; wildlife; conservation,"Huntersville, NC; USA.",Carolina Raptor Center archives. carolinaraptorcenter.org.,application/pdf,Image;StillImage,mn19,eng,"This Item is protected by copyright and/or related rights. You are free to use this Item in any way that is permitted by the copyright and related rights legislation that applies to your use. In addition, no permission is required from the rights-holder(s) for educational uses. For other uses, you need to obtain permission from the rights-holder(s).",https://rightsstatements.org/page/InC-EDU/1.0/?language=en
mn20.pdf,mn20.pdf,"Mecklenburg Neighbors October 15, 1989",Carolina Raptor Center,1989,Article about CRC donations.,raptors; wildlife; conservation,"Huntersville, NC; USA.",Carolina Raptor Center archives. carolinaraptorcenter.org.,application/pdf,Image;StillImage,mn20,eng,"This Item is protected by copyright and/or related rights. You are free to use this Item in any way that is permitted by the copyright and related rights legislation that applies to your use. In addition, no permission is required from the rights-holder(s) for educational uses. For other uses, you need to obtain permission from the rights-holder(s).",https://rightsstatements.org/page/InC-EDU/1.0/?language=en
mn21.pdf,mn21.pdf,"Mecklenburg Neighbors October 24, 1993",Carolina Raptor Center,1993,Article about raptor conference.,raptors; wildlife; conservation,"Huntersville, NC; USA.",Carolina Raptor Center archives. carolinaraptorcenter.org.,application/pdf,Image;StillImage,mn21,eng,"This Item is protected by copyright and/or related rights. You are free to use this Item in any way that is permitted by the copyright and related rights legislation that applies to your use. In addition, no permission is required from the rights-holder(s) for educational uses. For other uses, you need to obtain permission from the rights-holder(s).",https://rightsstatements.org/page/InC-EDU/1.0/?language=en
mn22.pdf,mn22.pdf,"Mecklenburg Neighbors September 30, 1992",Carolina Raptor Center,1992,Article about art exhibit at CRC.,raptors; wildlife; conservation,"Huntersville, NC; USA.",Carolina Raptor Center archives. carolinaraptorcenter.org.,application/pdf,Image;StillImage,mn22,eng,"This Item is protected by copyright and/or related rights. You are free to use this Item in any way that is permitted by the copyright and related rights legislation that applies to your use. In addition, no permission is required from the rights-holder(s) for educational uses. For other uses, you need to obtain permission from the rights-holder(s).",https://rightsstatements.org/page/InC-EDU/1.0/?language=en
mn23.pdf,mn23.pdf,"Mecklenburg Times July 29, 2011",Carolina Raptor Center,2011,Article about bird at CRC.,raptors; wildlife; conservation,"Huntersville, NC; USA.",Carolina Raptor Center archives. carolinaraptorcenter.org.,application/pdf,Image;StillImage,mn23,eng,"This Item is protected by copyright and/or related rights. You are free to use this Item in any way that is permitted by the copyright and related rights legislation that applies to your use. In addition, no permission is required from the rights-holder(s) for educational uses. For other uses, you need to obtain permission from the rights-holder(s).",https://rightsstatements.org/page/InC-EDU/1.0/?language=en
mn24.pdf,mn24.pdf,"North Mecklenburg Times February 3, 1993",Carolina Raptor Center,1993,Article about bird release.,raptors; wildlife; conservation,"Huntersville, NC; USA.",Carolina Raptor Center archives. carolinaraptorcenter.org.,application/pdf,Image;StillImage,mn24,eng,"This Item is protected by copyright and/or related rights. You are free to use this Item in any way that is permitted by the copyright and related rights legislation that applies to your use. In addition, no permission is required from the rights-holder(s) for educational uses. For other uses, you need to obtain permission from the rights-holder(s).",https://rightsstatements.org/page/InC-EDU/1.0/?language=en
mn25.pdf,mn25.pdf,"The Mecklenburg Gazette April 25, 1985",Carolina Raptor Center,1985,Article about CRC.,raptors; wildlife; conservation,"Huntersville, NC; USA.",Carolina Raptor Center archives. carolinaraptorcenter.org.,application/pdf,Image;StillImage,mn25,eng,"This Item is protected by copyright and/or related rights. You are free to use this Item in any way that is permitted by the copyright and related rights legislation that applies to your use. In addition, no permission is required from the rights-holder(s) for educational uses. For other uses, you need to obtain permission from the rights-holder(s).",https://rightsstatements.org/page/InC-EDU/1.0/?language=en
mn26.pdf,mn26.pdf,"Mecklenburg Neighbors September 26, 1993",Carolina Raptor Center,1993,Article about Adopt-a-Bird prgram at CRC.,raptors; wildlife; conservation,"Huntersville, NC; USA.",Carolina Raptor Center archives. carolinaraptorcenter.org.,application/pdf,Image;StillImage,mn26,eng,"This Item is protected by copyright and/or related rights. You are free to use this Item in any way that is permitted by the copyright and related rights legislation that applies to your use. In addition, no permission is required from the rights-holder(s) for educational uses. For other uses, you need to obtain permission from the rights-holder(s).",https://rightsstatements.org/page/InC-EDU/1.0/?language=en